age,Q_trop_high,Q_trop_mid,Q_trop_low,Q_stra_high,Q_stra_mid,Q_stra_low,EDML,GRIP
0,0.428409784,0.459311856,0.24655221,1.62200326,0.800246375,0.078343113,,
20,0.456334077,0.478943224,0.249117895,1.766866986,0.848754081,0.079180782,,
40,0.472146589,0.489491852,0.250086704,1.849576034,0.875253981,0.07947676,,
60,0.46796484,0.485328456,0.248380486,1.827682462,0.8657017,0.078859655,,
80,0.43353577,0.458937655,0.242540634,1.647754609,0.801832219,0.076830552,,
100,0.426530103,0.452982585,0.240798875,1.612481241,0.788064052,0.076216211,,
120,0.468080441,0.483607572,0.246498202,1.828259921,0.862557347,0.078159655,,
140,0.477682976,0.490427184,0.247664059,1.879651949,0.879570852,0.078556313,,
160,0.400985768,0.432992184,0.236344734,1.483973094,0.741002275,0.074680786,,
180,0.398070092,0.430908659,0.236113273,1.469798203,0.736082005,0.074609946,,
200,0.428896513,0.455153995,0.241567184,1.624397965,0.793000395,0.076490517,,
220,0.473191026,0.488737516,0.248647476,1.855136337,0.874319631,0.078937837,,
240,0.565849522,0.553799008,0.260523923,2.375018851,1.041432685,0.083049416,,
260,0.603252731,0.578868598,0.265043182,2.601602856,1.109115193,0.084632963,,
280,0.578586225,0.563748546,0.263315141,2.451433552,1.067218693,0.084054175,,
300,0.536092417,0.535771761,0.259238767,2.204168095,0.992702944,0.082663039,,
320,0.470741545,0.490125783,0.251643262,1.842250968,0.875824505,0.080060997,,3.998707815
340,0.417141285,0.449928158,0.244045919,1.565266259,0.778384215,0.077463959,,3.610935943
360,0.422219836,0.454390796,0.245441828,1.590839473,0.788651503,0.077959006,,3.745543099
380,0.463427801,0.486215668,0.252232695,1.804009392,0.865347792,0.08030954,,3.696584572
400,0.512038885,0.521974013,0.259174033,2.067466938,0.954884016,0.082714926,,4.284593907
420,0.557723538,0.553876262,0.264818372,2.328482625,1.038116878,0.084674324,,4.536025657
440,0.562494687,0.55737486,0.265568949,2.35589258,1.047171254,0.084939252,,4.359596916
460,0.57480679,0.565713992,0.26696441,2.42853189,1.069441866,0.085423909,,4.434207798
480,0.593630442,0.577810819,0.268687726,2.543158206,1.102697216,0.086017025,,4.875746077
500,0.595491299,0.578505515,0.268411844,2.554475699,1.104955773,0.085909308,,4.698339772
520,0.566818578,0.558999474,0.264821834,2.380695392,1.052276182,0.084647599,,4.105325611
540,0.539848146,0.539515274,0.26079145,2.22576428,1.001753697,0.083229577,,3.956908727
560,0.476653323,0.493720558,0.251708252,1.874090334,0.885250811,0.080063327,,3.575048123
580,0.423562235,0.452712326,0.242592235,1.59756512,0.786259836,0.076895386,,3.237968751
600,0.484931094,0.497109585,0.250177101,1.919272349,0.895447636,0.079464776,,3.685632751
620,0.568302997,0.552949977,0.258487069,2.389047406,1.04074984,0.082282882,,4.334868629
640,0.583261879,0.56067504,0.258270098,2.479742198,1.063089321,0.082161637,,4.378764013
660,0.564571179,0.546758197,0.254672718,2.367527509,1.026785065,0.080873617,,4.427598295
680,0.502690658,0.503235951,0.245946803,2.016174738,0.914917346,0.077827531,,3.96471946
700,0.459814575,0.471374518,0.238804477,1.78492873,0.836352925,0.075334817,,3.227117057
720,0.473544184,0.479653451,0.238958326,1.856921914,0.857548951,0.075335155,,3.365005306
740,0.450190883,0.461355297,0.234199294,1.734547492,0.813767017,0.073664115,,3.243277828
760,0.44105053,0.453393402,0.231429025,1.686717684,0.795237811,0.072679138,,3.419145063
780,0.460246278,0.465753604,0.232535159,1.787087146,0.82621856,0.07302236,,3.562828329
800,0.428414058,0.441790381,0.226950645,1.621792727,0.768884558,0.071097606,,3.34363401
820,0.408421529,0.42602792,0.222849259,1.52116086,0.732251254,0.069681295,,3.399071274
840,0.413583655,0.428800774,0.222419876,1.547122189,0.739438507,0.069508225,,3.473000676
860,0.434948082,0.443335203,0.22425871,1.654694294,0.774469314,0.070100351,,3.38465042
880,0.496682541,0.484568812,0.230503396,1.983033106,0.877032701,0.072183912,,3.47314353
900,0.548095663,0.516572983,0.234640973,2.272377948,0.960249922,0.073558063,,3.751975233
920,0.523682446,0.500130164,0.231248747,2.132249271,0.917991085,0.072383682,,4.174377558
940,0.482249871,0.4720797,0.225902311,1.90416406,0.84747125,0.070554162,,3.821334512
960,0.461958167,0.457577617,0.222699494,1.795836206,0.812074488,0.069452361,,3.715403672
980,0.430006341,0.434699521,0.217894046,1.629654846,0.75701861,0.067812517,,3.070688902
1000,0.41429565,0.422744532,0.214944326,1.550594775,0.729177556,0.066799957,,3.083030321
1020,0.421609885,0.427280133,0.21514988,1.587383492,0.740322736,0.066848573,,3.388092243
1040,0.477424122,0.464895786,0.22118444,1.877725617,0.832066701,0.068856599,,3.811362726
1060,0.485557016,0.469537781,0.221368778,1.922103155,0.844192163,0.068901107,,3.550701003
1080,0.433416245,0.433991752,0.214836617,1.646753124,0.757198572,0.066693179,,3.331993224
1100,0.432104639,0.432583855,0.214126178,1.64014549,0.75415127,0.066440578,,3.412081295
1120,0.458300683,0.449852301,0.216701922,1.776600091,0.796456502,0.067292241,,3.262997654
1140,0.459106498,0.449905533,0.216335549,1.78079996,0.796868346,0.067159426,,3.124815896
1160,0.496497144,0.473911397,0.219921081,1.981740604,0.856901539,0.068352751,,3.466210565
1180,0.4892163,0.468804823,0.218794715,1.941990361,0.844295598,0.067966527,,3.503061692
1200,0.431750896,0.430194013,0.211973096,1.638318415,0.749668354,0.065672904,,3.294485309
1220,0.474993864,0.458735867,0.216485436,1.864342337,0.819523071,0.067173269,3.645262859,3.665286228
1240,0.545050333,0.502028514,0.222707091,2.254466271,0.930454617,0.069249011,4.057670565,4.161064175
1260,0.568552487,0.515642108,0.224268631,2.389241357,0.966356886,0.069761966,4.404519301,4.655909451
1280,0.577208556,0.519867668,0.224343708,2.441603485,0.97827147,0.069774427,4.407333971,4.748261624
1300,0.523643726,0.487098268,0.219143471,2.131615863,0.89274774,0.068016236,4.260828368,4.131290296
1320,0.464893502,0.4490577,0.212593678,1.810926016,0.797486602,0.065808886,4.060654488,3.840952124
1340,0.479237433,0.457521132,0.213339931,1.887390656,0.818912317,0.066040557,3.890205784,3.92808861
1360,0.472192055,0.452158345,0.211810793,1.849025591,0.806008633,0.065510483,3.880718396,3.834832158
1380,0.461442859,0.444169378,0.209781033,1.792822771,0.787050538,0.064813743,3.778269866,3.57521851
1400,0.449830814,0.435652053,0.207664841,1.732114122,0.766813403,0.064088554,3.682227423,3.345478438
1420,0.40604536,0.405328216,0.201677473,1.508870565,0.694853858,0.062076495,3.626582219,3.327396623
1440,0.388596457,0.392217748,0.198476803,1.423292861,0.664961574,0.06099201,3.544345066,3.293512892
1460,0.420766273,0.413447686,0.201561307,1.582867613,0.715131004,0.061991701,3.454484319,3.523090819
1480,0.447096909,0.429857381,0.203548197,1.717729755,0.755058499,0.062626639,3.42718603,3.486705645
1500,0.482128094,0.451056505,0.206115005,1.902925895,0.807752846,0.063453755,3.577034668,3.489467288
1520,0.508496065,0.466037957,0.207527328,2.046718833,0.846087324,0.063897185,3.904389014,3.580366054
1540,0.465666823,0.438697955,0.202615575,1.814673865,0.778381649,0.06224495,3.992255613,3.455354514
1560,0.428253112,0.413759243,0.197836237,1.620407201,0.718529876,0.06064147,3.776154867,3.11147661
1580,0.431891246,0.4153132,0.19743663,1.63867709,0.722699831,0.060488266,3.624927806,3.118926815
1600,0.441862024,0.420822169,0.197656535,1.690225781,0.736545801,0.060539544,3.61220036,3.156672132
1620,0.432205325,0.413809909,0.195853114,1.64020962,0.720127939,0.059923127,3.565606476,2.918850336
1640,0.397933296,0.390417513,0.191212094,1.468481417,0.665446817,0.058374075,3.45910974,2.8379169
1660,0.413670736,0.400103529,0.19229969,1.54698542,0.688634764,0.058712957,3.423650482,3.310718223
1680,0.504707208,0.455895819,0.200479716,2.0257494,0.82537999,0.061390299,3.583264975,3.842532531
1700,0.523052621,0.465871977,0.201388205,2.12744166,0.851157681,0.061673507,3.785308226,3.52693724
1720,0.46909546,0.433448824,0.196298375,1.832343302,0.769968951,0.05998298,3.806751245,3.219431518
1740,0.429363017,0.408215034,0.191994313,1.625819065,0.709054115,0.05855688,3.733529665,3.320604238
1760,0.407230084,0.393431118,0.189165711,1.514547077,0.674369077,0.057616384,3.543311301,3.220402116
1780,0.421174233,0.402027385,0.19026044,1.584631614,0.694944539,0.05796407,3.461317933,3.234753699
1800,0.448550187,0.41890983,0.192663952,1.724982915,0.735682101,0.058742327,3.543276358,3.282347417
1820,0.462931147,0.427391217,0.193684194,1.800076112,0.756552968,0.05906734,3.741986359,4.058226934
1840,0.43238443,0.408197597,0.190452597,1.640953662,0.710146478,0.057998392,3.983547372,3.502252294
1860,0.439056116,0.412079277,0.190845701,1.675372069,0.719675885,0.058119777,3.828166562,3.214892392
1880,0.445458224,0.415804746,0.191257799,1.708800008,0.728870778,0.058249434,3.907826117,3.596609514
1900,0.434923086,0.409154311,0.19009175,1.653777417,0.712804653,0.057862206,4.080491771,3.258628793
1920,0.45665164,0.422335554,0.192002761,1.767244751,0.744968346,0.058484788,3.879028841,2.991008615
1940,0.44461174,0.414811278,0.190737896,1.704365685,0.72674854,0.058066411,3.689412988,3.246034437
1960,0.43220604,0.407053334,0.189459454,1.640028883,0.708032068,0.057645083,3.558725501,3.094164296
1980,0.473121121,0.432109844,0.193271766,1.853358903,0.768952882,0.058892814,3.492533864,3.24445362
2000,0.449347578,0.417473288,0.190961436,1.729089951,0.733373572,0.058133309,3.62318166,3.449601552
2020,0.409501935,0.392244374,0.186806924,1.525903273,0.673182434,0.056769658,3.576369105,3.307337998
2040,0.432037703,0.406563496,0.189080159,1.639172347,0.707093329,0.057510458,3.375362448,3.377027351
2060,0.431061843,0.405893245,0.18893399,1.634266144,0.705535282,0.057461374,3.2956391,3.269842607
2080,0.437276138,0.409774507,0.189540222,1.666042783,0.714836672,0.05765935,3.42779973,3.353387948
2100,0.466553548,0.427676552,0.19227738,1.818930935,0.758394405,0.058555853,3.539914631,3.298359277
2120,0.469643272,0.429532969,0.192536917,1.835064545,0.762930361,0.058640005,3.560443327,3.278147734
2140,0.457999423,0.422450535,0.191481571,1.774261017,0.745676412,0.058295316,3.647213931,2.971759651
2160,0.424963899,0.402094339,0.188390181,1.603618808,0.696495208,0.05728633,3.720519845,3.127577234
2180,0.392669799,0.381308532,0.185003185,1.44279382,0.647647743,0.056182145,3.622066308,3.395016278
2200,0.377966096,0.371649704,0.18343233,1.371393278,0.625326164,0.055673398,3.343652711,3.187264367
2220,0.380936637,0.373843395,0.183998087,1.385823141,0.630250454,0.055864549,3.169012938,3.021688333
2240,0.416299701,0.397346865,0.188251189,1.560089892,0.684795364,0.057263269,3.214333646,3.208858429
2260,0.473542375,0.433245064,0.194099686,1.855684686,0.771218631,0.05918712,3.321924372,3.285494779
2280,0.559135797,0.482337404,0.201069077,2.333988526,0.896273033,0.061485805,3.625344595,3.97017456
2300,0.588715366,0.498306145,0.20320212,2.510112982,0.93859466,0.062193258,4.136412429,4.086848164
2320,0.561529631,0.484029056,0.201535038,2.347719231,0.900442312,0.061647371,4.416509065,3.813179219
2340,0.534880328,0.469364723,0.199686306,2.195067508,0.862282228,0.061041667,4.395514761,3.67660354
2360,0.437302141,0.41168255,0.191319319,1.666231117,0.718278022,0.058293255,3.986266601,3.204477435
2380,0.372399983,0.369236523,0.184138361,1.344403769,0.618982716,0.055943409,3.487474205,3.016725113
2400,0.385663476,0.378268786,0.185846668,1.408804647,0.639694899,0.056506158,3.208904917,2.824407494
2420,0.399404969,0.387675318,0.187660865,1.475543801,0.661246229,0.057105048,3.129031515,3.211045773
2440,0.403569483,0.390671948,0.188384149,1.496136599,0.668087605,0.057349163,3.244300729,3.2072762
2460,0.418320714,0.400556902,0.190313923,1.570297037,0.691246178,0.057991765,3.361135993,3.152395501
2480,0.430319987,0.408764658,0.192030954,1.630627812,0.710394333,0.05856703,3.542380217,3.448381499
2500,0.413317279,0.398160743,0.190593108,1.545166194,0.685074029,0.058106298,3.514342365,3.469113782
2520,0.387556549,0.38152181,0.188085797,1.418040812,0.646029005,0.05729645,3.332992654,3.074706062
2540,0.380592349,0.377303529,0.187752276,1.384227073,0.636024347,0.057201217,3.270190822,3.001531409
2560,0.373773067,0.373125976,0.187389035,1.351115135,0.626136478,0.057094844,3.237052576,3.252631577
2580,0.391518781,0.3856551,0.190030586,1.437316546,0.654707657,0.057975147,3.158216986,3.228255336
2600,0.441878044,0.419233624,0.196167296,1.690263848,0.73368354,0.060008753,3.295029971,3.595104882
2620,0.451022231,0.42553989,0.197597118,1.738046665,0.748686432,0.060494233,3.484891569,3.813276003
2640,0.458168736,0.430569642,0.198797287,1.775394906,0.760608077,0.060903204,3.40793874,3.122786998
2660,0.535954243,0.477721474,0.206147442,2.201565191,0.878950151,0.063347146,3.600211576,3.768762393
2680,0.592166484,0.509588829,0.210731282,2.5315945,0.962688878,0.064879112,4.105110218,4.254653883
2700,0.606519871,0.517768884,0.212050734,2.618782484,0.98446476,0.065326319,4.285656158,4.361125137
2720,0.601299933,0.515195128,0.211878385,2.587097818,0.977362631,0.065273633,4.366028337,4.590733352
2740,0.56945194,0.498134937,0.209799454,2.393700012,0.931243704,0.064584753,4.472111756,4.490826945
2760,0.507305326,0.462199461,0.204761576,2.040102846,0.838325739,0.062912616,4.343232272,3.822058528
2780,0.444535895,0.423279798,0.198640141,1.704216371,0.742048738,0.060883088,3.908065068,3.394574766
2800,0.407070226,0.398615755,0.194352007,1.513869218,0.683382635,0.059463373,3.480003418,2.877480405
2820,0.42642179,0.411210185,0.196354277,1.611163557,0.713279493,0.060118978,3.201042795,3.231012235
2840,0.473818029,0.441133254,0.201008392,1.857443508,0.785952692,0.061650668,3.290208575,3.594012954
2860,0.462482784,0.433765607,0.199661635,1.797946136,0.76810373,0.061199984,3.591461368,3.609476073
2880,0.42002534,0.406363982,0.195032547,1.578986572,0.702188209,0.059667245,3.595793977,3.376511548
2900,0.406496158,0.397284277,0.19334935,1.510960255,0.6808195,0.059108095,3.350498053,3.447506803
2920,0.437157614,0.417228455,0.196597873,1.665632659,0.728193267,0.060174626,3.318628584,4.156342271
2940,0.450389127,0.425414817,0.197785486,1.73474766,0.748214007,0.060563054,3.608982482,4.202215712
2960,0.435806696,0.416082167,0.196184736,1.658567539,0.725591274,0.060030959,3.663179911,3.682188733
2980,0.420187508,0.405650191,0.194259906,1.579780865,0.700986702,0.059391567,3.514111144,3.470691895
3000,0.419312094,0.40491045,0.194003215,1.575375373,0.699335391,0.059302759,3.463495922,3.603077133
3020,0.409182977,0.398111812,0.192727406,1.524446344,0.683351087,0.058878666,3.499057243,3.741498458
3040,0.427398942,0.409962521,0.194660389,1.616026198,0.711430167,0.059512618,3.518723228,3.645444605
3060,0.449284884,0.423816388,0.19684193,1.728952424,0.744879804,0.06022963,3.564368673,3.469237419
3080,0.421959114,0.406277225,0.193941929,1.588673998,0.70278585,0.059273006,3.549813031,3.345528065
3100,0.416213805,0.402527014,0.19331879,1.559789557,0.693909058,0.059068267,3.39146668,3.496849617
3120,0.438241888,0.416889525,0.195748159,1.671268205,0.728016705,0.059868978,3.342496993,3.501271772
3140,0.469140011,0.436340743,0.19887163,1.832669966,0.775328231,0.060900585,3.499553049,3.750524902
3160,0.474057208,0.439444775,0.199397229,1.85868706,0.782915499,0.061075445,3.655324288,3.667803492
3180,0.449900608,0.424394242,0.19707953,1.732174444,0.74616855,0.060312695,3.681688338,3.401379353
3200,0.458467892,0.429857735,0.198007563,1.776929569,0.759417585,0.060620842,3.654270592,3.287243423
3220,0.461710272,0.432022394,0.198446166,1.793870752,0.764610427,0.060768624,3.650930789,3.178204144
3240,0.453056689,0.426744,0.197730853,1.748671879,0.75166376,0.060536527,3.702981582,3.508406989
3260,0.427773718,0.410824993,0.195289527,1.617926873,0.713111273,0.059735625,3.707888982,3.431841663
3280,0.409168475,0.398744801,0.193355881,1.524388908,0.684455698,0.059102483,3.557803821,3.103202289
3300,0.461949283,0.432866068,0.19909818,1.795141279,0.766250004,0.061000481,3.564345444,3.67346504
3320,0.535146671,0.476720184,0.205639324,2.196913185,0.876699863,0.063167285,3.790311619,3.887966387
3340,0.537786747,0.478278806,0.205890058,2.212044914,0.880715794,0.063251543,3.987471218,3.962293878
3360,0.517385408,0.466568028,0.204225325,2.095128774,0.850334586,0.06269789,4.190064931,4.221459515
3380,0.490591973,0.450291858,0.201682918,1.94888646,0.809554529,0.061852602,4.094864458,4.230964014
3400,0.457992839,0.430054536,0.198411401,1.774463459,0.759597978,0.060766086,3.831352002,4.114875731
3420,0.456016005,0.428560347,0.19798535,1.764129196,0.756112281,0.060619423,3.600535941,3.980553435
3440,0.499224471,0.454656944,0.201744144,1.995930995,0.821022954,0.061854401,3.556249612,3.969586244
3460,0.480286541,0.443047674,0.199835546,1.892651587,0.792043858,0.061217381,3.831751043,3.762243474
3480,0.442429372,0.419279996,0.195942824,1.693135196,0.733984467,0.059927297,3.780467621,3.71425205
3500,0.413578693,0.400400265,0.192637059,1.546531511,0.689121184,0.058833371,3.532892488,3.293692758
3520,0.41074741,0.398336241,0.192117155,1.532292183,0.684369047,0.058656706,3.408990475,3.179953251
3540,0.451138677,0.424043423,0.19616469,1.738607784,0.746006928,0.0599833,3.520345267,3.64234681
3560,0.476437575,0.439486562,0.19837918,1.871620765,0.783922648,0.060706799,3.796627152,3.920442201
3580,0.43407688,0.412871504,0.194015859,1.649559564,0.719148663,0.059262863,3.892332708,3.719975753
3600,0.415886206,0.400814902,0.191829618,1.55810502,0.690758157,0.058538909,3.753850053,3.736151149
3620,0.445910796,0.419898187,0.194837498,1.711274915,0.736462061,0.059524117,3.65703999,3.655344957
3640,0.440533075,0.4163827,0.194158544,1.683181412,0.728009199,0.05929643,3.580825456,3.599783883
3660,0.427434281,0.407879277,0.192656797,1.616147736,0.707728912,0.058798736,3.449347617,3.374578401
3680,0.473920162,0.436891625,0.197183355,1.857857785,0.778126512,0.060286116,3.473444178,3.432600204
3700,0.460798939,0.42869417,0.195855194,1.789023259,0.758158963,0.059847195,3.558699984,3.847296138
3720,0.421934428,0.404122122,0.191883465,1.588494492,0.698951595,0.058539872,3.576312285,3.651863522
3740,0.394449019,0.386042491,0.188775096,1.451513124,0.656518027,0.057518463,3.52746257,3.688805204
3760,0.413626709,0.398690081,0.190946585,1.546729832,0.686127551,0.058231241,3.460587124,3.700308941
3780,0.419027684,0.402235442,0.191569175,1.573882022,0.694489192,0.058436698,3.421761877,3.41042179
3800,0.467400631,0.432834772,0.196528329,1.82350551,0.768216312,0.06006954,3.430159097,3.457160283
3820,0.526793138,0.467910214,0.201618313,2.148869868,0.856494125,0.061748105,3.672778568,3.916417932
3840,0.479322076,0.440040779,0.197601644,1.887309202,0.786067292,0.060422725,3.892703405,3.525561208
3860,0.443897317,0.418182319,0.194212016,1.700744821,0.732573908,0.059306541,3.665781167,3.553294788
3880,0.456995986,0.426341962,0.195497308,1.769160556,0.752426041,0.059729766,3.547571608,3.811119959
3900,0.451779736,0.42313938,0.195028519,1.741916939,0.744605618,0.059576572,3.663288818,3.597556815
3920,0.431936445,0.410809274,0.193149915,1.638780838,0.714655594,0.0589608,3.551262309,3.43466277
3940,0.429283705,0.409258696,0.193026458,1.625449815,0.710888294,0.05892484,3.480619122,3.706852956
3960,0.470113852,0.435061778,0.197275312,1.837694657,0.773321152,0.060328665,3.48623505,3.986847503
3980,0.464600429,0.431811432,0.196904388,1.808902917,0.765299631,0.060211147,3.601006071,3.732038906
4000,0.411783469,0.398392265,0.191624743,1.537485688,0.684878081,0.058478266,3.492204335,3.141320122
4020,0.389214402,0.383557104,0.189211824,1.426112499,0.650184844,0.057691538,3.302994874,3.158968228
4040,0.419050544,0.403704948,0.192975999,1.574034036,0.697099362,0.058937686,3.390943008,3.447208521
4060,0.48317644,0.444354835,0.199719039,1.908395508,0.795596833,0.061169114,3.618853873,3.886197857
4080,0.497262985,0.453173024,0.201303967,1.985223229,0.817488468,0.061701879,3.723820933,4.118688076
4100,0.436137836,0.41585426,0.195807422,1.660285314,0.725314823,0.059895639,3.575098563,3.962347105
4120,0.42991096,0.412069162,0.195375933,1.628667947,0.716145997,0.059759999,3.427785752,4.211923121
4140,0.477985093,0.442601372,0.200457337,1.880133359,0.79031842,0.061444511,3.5950051,4.438550681
4160,0.43838187,0.418130486,0.196843067,1.672031645,0.730306229,0.060258786,3.621013422,4.112158851
4180,0.40269689,0.395086917,0.193224673,1.491865353,0.675434424,0.059074966,3.430040002,3.731869705
4200,0.423954874,0.409503827,0.196001782,1.598758003,0.709289673,0.060000766,3.354121119,3.670982185
4220,0.478360201,0.444523123,0.201993053,1.882236658,0.794042551,0.061991462,3.604546191,3.918442751
4240,0.463336727,0.435706324,0.201014811,1.80245189,0.77199389,0.061680249,3.775428654,4.099311746
4260,0.423689128,0.410692359,0.197279205,1.5974575,0.711299146,0.060456588,3.599315561,3.928197904
4280,0.441141123,0.422565943,0.199636955,1.686522276,0.739405853,0.061247223,3.491737265,4.076386312
4300,0.436454591,0.420040342,0.199587657,1.662050071,0.732963457,0.061241846,3.495148733,4.052804657
4320,0.422392803,0.411182337,0.198428135,1.59097436,0.711661941,0.060869676,3.426771241,3.563114846
4340,0.460228328,0.436227025,0.20296731,1.786290152,0.771770893,0.062384678,3.526059148,4.09587526
4360,0.480787258,0.44973633,0.205538401,1.895597726,0.804741124,0.063250921,3.723341269,4.120255763
4380,0.509737521,0.468094842,0.208774598,2.053533112,0.850515119,0.064340007,3.779577911,3.982317982
4400,0.546011736,0.490104162,0.212378585,2.259494715,0.906990891,0.065553629,3.929001164,4.628366532
4420,0.509204565,0.469016803,0.2098153,2.050666902,0.852118198,0.06471314,4.045580056,4.601331952
4440,0.442473719,0.427454192,0.203617284,1.693586105,0.748858519,0.062663397,3.923681268,4.005761841
4460,0.401195248,0.400214862,0.199235536,1.484488174,0.6838402,0.061220473,3.62316642,3.502571446
4480,0.429827241,0.420037884,0.203094198,1.628446169,0.730464543,0.062511497,3.486293705,3.790504219
4500,0.498704696,0.464595336,0.210642351,1.993453311,0.839799693,0.065032843,3.761242876,4.283047611
4520,0.497409601,0.464300451,0.210970086,1.986403701,0.838757762,0.065152899,4.092326127,4.204778109
4540,0.435655936,0.425291602,0.205075322,1.658011497,0.742222919,0.063201313,3.949587556,3.520164271
4560,0.439690073,0.428378923,0.205950945,1.679103702,0.749470529,0.06350326,3.640860415,3.570803352
4580,0.436960621,0.427094327,0.206138407,1.664851223,0.746037376,0.063577193,3.693990713,3.957326637
4600,0.430985745,0.423583264,0.205932851,1.634333943,0.737344755,0.063520588,3.63776093,3.586649161
4620,0.438639305,0.429242985,0.207335547,1.673648202,0.750638451,0.063999957,3.582202748,3.810445302
4640,0.42463472,0.420278062,0.206185808,1.602413224,0.728947355,0.063629464,3.696627089,3.740821635
4660,0.405340448,0.407510926,0.204308426,1.50537664,0.6984552,0.063016334,3.663380719,3.623094568
4680,0.433094962,0.427125583,0.208236646,1.644989699,0.744585826,0.064336168,3.577667422,3.829717585
4700,0.461002334,0.446235233,0.211932672,1.790581801,0.790743945,0.065582946,3.686189962,3.682347916
4720,0.443876208,0.435492715,0.21060157,1.701084062,0.764195232,0.065151818,3.722945252,3.495150634
4740,0.423931119,0.422538031,0.208812605,1.598933218,0.732766936,0.064568308,3.497290668,3.670369589
4760,0.482854017,0.462310688,0.215965062,1.90719729,0.829424757,0.066969991,3.503277902,4.260764953
4780,0.587274618,0.526548663,0.225858193,2.502832316,0.995769569,0.070299813,4.008791436,4.280962432
4800,0.624298781,0.548438882,0.229245225,2.727928971,1.054699721,0.07145116,4.466015002,4.63806216
4820,0.620047188,0.546669135,0.229427239,2.702119527,1.049495173,0.071523367,4.677178031,4.821554598
4840,0.569977672,0.51846886,0.225995538,2.397766582,0.97262819,0.070377252,4.637217949,4.932842697
4860,0.49636719,0.473423557,0.219548706,1.981018835,0.855913793,0.068220008,4.413209554,5.084177305
4880,0.425875426,0.426807773,0.211936575,1.608776941,0.741252253,0.065676812,4.113207394,4.368935104
4900,0.405114039,0.412537491,0.209568786,1.504337625,0.707303722,0.064891978,3.644852788,3.526291243
4920,0.413896984,0.419057809,0.211053894,1.548529885,0.722534718,0.065396368,3.398119945,3.684443475
4940,0.448442954,0.443379868,0.215734039,1.7250717,0.780560189,0.066971678,3.490071522,3.915444117
4960,0.474018372,0.461039242,0.219097808,1.859097847,0.823465513,0.068109408,3.672814154,4.489093904
4980,0.439318989,0.438004467,0.215520179,1.677390308,0.76694233,0.066921788,3.776310058,4.113984688
5000,0.416377923,0.422359109,0.213075894,1.561039675,0.729416657,0.066116294,3.563419482,3.681946928
5020,0.464181113,0.455813416,0.219452991,1.807386537,0.809793763,0.068268702,3.4698401,3.973139568
5040,0.477019054,0.464996294,0.221523453,1.87552302,0.832074182,0.068980627,3.726147073,4.416489469
5060,0.420052507,0.426484983,0.215299333,1.579553324,0.738250587,0.066908181,3.885984169,4.107579128
5080,0.382625894,0.399889947,0.210728099,1.394478299,0.675845496,0.065394001,3.638741934,3.559733225
5100,0.391275427,0.406976108,0.212822476,1.436528251,0.691751519,0.066117404,3.404709529,3.628808293
5120,0.42805777,0.434467519,0.218940323,1.619871702,0.755775854,0.068198253,3.43231804,3.76798377
5140,0.416960784,0.427480693,0.218554263,1.564052414,0.738641606,0.068097318,3.401645592,4.326333126
5160,0.394278322,0.411898278,0.216476593,1.45116401,0.701500841,0.067427373,3.379748291,4.260964043
5180,0.431572699,0.440147114,0.222957171,1.637615777,0.767345604,0.069640553,3.368070674,4.100885099
5200,0.490264892,0.4818362,0.231375877,1.948032486,0.869133997,0.072517613,3.431187993,4.807095325
5220,0.524292735,0.505605854,0.236320794,2.135900999,0.928751696,0.074223247,3.805240052,4.885450189
5240,0.545830334,0.520640266,0.23968968,2.259558762,0.967227897,0.075396702,4.18053001,5.114920716
5260,0.582917078,0.545279281,0.244460154,2.47719504,1.031753987,0.077048776,4.307543469,5.052161063
5280,0.605069847,0.560079984,0.247588958,2.612042783,1.071155725,0.078142605,4.544296939,5.288647731
5300,0.595439736,0.555491418,0.247906009,2.553497288,1.057749651,0.078276656,4.814690537,5.2379812
5320,0.524749658,0.511703359,0.242079058,2.138694595,0.940644432,0.076312283,4.796758038,4.424120458
5340,0.421804928,0.440560698,0.230128323,1.588591041,0.76378837,0.072278019,4.367154069,3.75079381
5360,0.396669988,0.422503109,0.22728143,1.462915734,0.72080944,0.071342517,3.741523983,3.530644466
5380,0.41870768,0.439970983,0.23161924,1.573022226,0.761384945,0.072845811,3.540765489,3.93174521
5400,0.461337882,0.472112416,0.238624702,1.792891428,0.838370523,0.075261686,3.659209649,4.565523409
5420,0.526470959,0.518307445,0.247576687,2.148688363,0.954249465,0.078351796,3.795780265,5.587545523
5440,0.574976162,0.551314759,0.253734235,2.42919708,1.040437234,0.080493655,4.10662684,5.616873222
5460,0.558872994,0.541863363,0.25303361,2.334781661,1.014637361,0.080281096,4.541424766,4.971752091
5480,0.501368267,0.503899436,0.247373381,2.008980122,0.915616675,0.078363003,4.547730747,3.949175685
5500,0.447646768,0.466100019,0.240976485,1.721329993,0.821305727,0.076191853,4.189091054,3.71357644
5520,0.481938563,0.49156655,0.246275819,1.902868894,0.883658517,0.078024988,3.817012446,4.022570701
5540,0.542386714,0.533718855,0.25392557,2.240179213,0.991459807,0.080665272,3.995684227,4.745197744
5560,0.602967145,0.573553028,0.260480137,2.599714285,1.09802529,0.082932492,4.417000957,5.892721107
5580,0.61420753,0.58091605,0.261749257,2.668150811,1.117998732,0.083375403,4.785889625,5.935786648
5600,0.512347922,0.514010142,0.25112714,2.069000642,0.939689542,0.079719725,4.990179214,4.660063906
5620,0.435236774,0.458431055,0.24081505,1.656429379,0.801680476,0.076182458,4.651535231,3.849889017
5640,0.470883208,0.484612342,0.245781463,1.842906044,0.86562892,0.077881774,4.141960781,4.524164107
5660,0.471257898,0.484742634,0.245682103,1.844863927,0.866031391,0.077843304,4.009942442,4.441503609
5680,0.450471059,0.469274445,0.242563489,1.736119546,0.82837865,0.076769762,4.031295479,4.149012158
5700,0.479458085,0.490161348,0.246315985,1.889324651,0.879890037,0.078048821,3.911500131,4.054095287
5720,0.501853302,0.505746357,0.248943452,2.011656708,0.91935231,0.078945279,3.976734512,4.229510744
5740,0.488806438,0.496514971,0.247256406,1.940386795,0.896076963,0.078364896,4.12590011,4.025060324
5760,0.441977086,0.462624446,0.240925746,1.691679959,0.812398085,0.076196163,4.098337677,3.71168185
5780,0.409433976,0.438048045,0.236023997,1.526400395,0.753807541,0.074522953,3.879777134,3.761382882
5800,0.413117311,0.440996808,0.236754849,1.544943008,0.760703607,0.074777173,3.672901471,3.671928297
5820,0.451041226,0.469766573,0.242722317,1.739103253,0.829535486,0.076826429,3.617659694,3.988404069
5840,0.515884268,0.51656435,0.251631033,2.088319605,0.946103761,0.079894419,3.768697758,4.15041183
5860,0.553948324,0.542669814,0.256321793,2.306598779,1.014171286,0.081521375,4.090835299,4.20118191
5880,0.580734747,0.560725367,0.25952869,2.464400732,1.062063818,0.082637438,4.448105981,4.637235317
5900,0.577490967,0.559138593,0.259654329,2.444664637,1.057385692,0.082692903,4.708142123,4.490782434
5920,0.530399563,0.528089484,0.254927658,2.1713935,0.975088321,0.081075731,4.843712694,4.695361468
5940,0.472219492,0.487534846,0.247995804,1.849926441,0.871640869,0.078699311,4.72515385,4.439468562
5960,0.449959461,0.471318775,0.245104862,1.733476576,0.831886999,0.077715809,4.371878747,3.813116433
5980,0.498991252,0.507067379,0.251938656,1.996081878,0.920621262,0.080069688,4.02385498,4.494712517
6000,0.487607998,0.499143078,0.250652997,1.933898373,0.900500343,0.079632194,4.036903588,4.272290077
6020,0.413744772,0.444287332,0.240068595,1.548133222,0.766817123,0.076003687,4.165001219,3.999408171
6040,0.398108216,0.432320507,0.237743089,1.469997806,0.738563144,0.075214075,3.983243228,3.864101109
6060,0.416629303,0.446984395,0.241065586,1.562659553,0.772920672,0.07636046,3.853732406,4.254193891
6080,0.445611817,0.469339469,0.245833851,1.710748399,0.826284361,0.078004137,3.726165343,4.208466037
6100,0.506112202,0.513729652,0.254443989,2.035012781,0.936471895,0.080976185,3.867367237,4.404550037
6120,0.485125268,0.499116535,0.252118265,1.920363968,0.899316509,0.080185838,4.183824832,4.690349854
6140,0.46337869,0.48367581,0.249576848,1.803715443,0.860628565,0.07932286,4.327504132,4.321005385
6160,0.545342186,0.542128666,0.260334487,2.257294034,1.00935996,0.083042517,4.292963329,4.593151233
6180,0.577096456,0.563937199,0.264215515,2.442391837,1.066915666,0.084393611,4.402470723,5.185938852
6200,0.534063349,0.535029645,0.259624557,2.19252791,0.990327133,0.082812898,4.58016646,4.842897204
6220,0.483788792,0.499522995,0.253344531,1.913084829,0.899465067,0.080646495,4.572446339,4.118983838
6240,0.504183429,0.514098733,0.255939065,2.024507396,0.936333338,0.081539242,4.379473214,4.208131863
6260,0.596761324,0.576739521,0.266231033,2.562136203,1.10189474,0.085093008,4.290828215,5.020728947
6280,0.611341137,0.585889025,0.267423957,2.650906247,1.127120862,0.085499169,4.684324262,5.179518602
6300,0.535598654,0.535277933,0.259032234,2.201328898,0.991510787,0.082587668,5.239967993,4.720226541
6320,0.46753099,0.486525354,0.249915999,1.82543564,0.867733817,0.079432069,5.034446374,4.607300748
6340,0.449865775,0.472887325,0.24686023,1.733009,0.834712784,0.078368195,4.491711485,4.502498388
6360,0.461750458,0.481294783,0.248104349,1.795179774,0.85550758,0.07878231,4.155263647,4.112236807
6380,0.517348735,0.520789551,0.254954018,2.096474078,0.954894607,0.081125866,4.125506197,4.355766818
6400,0.513862818,0.517842404,0.254042534,2.077328577,0.947713409,0.080799049,4.406429856,4.429197852
6420,0.472764102,0.48819602,0.24834436,1.852800419,0.873109692,0.078826685,4.74676012,4.331089104
6440,0.481887179,0.49425904,0.249080237,1.902632417,0.88869254,0.079067805,4.567462157,4.649190612
6460,0.474894212,0.488917674,0.247792932,1.864424779,0.875453742,0.078614152,4.096333688,4.232727808
6480,0.487101546,0.497205863,0.248975645,1.931105315,0.896615168,0.0790103,3.984360976,4.425250365
6500,0.465914508,0.481661385,0.245825043,1.816923832,0.85801002,0.077918362,4.03663786,4.158775603
6520,0.449553868,0.46930835,0.243199608,1.731331202,0.828027256,0.077009781,4.126367788,4.255828389
6540,0.472261496,0.485852416,0.246211606,1.850119767,0.868525542,0.078035981,4.036244339,4.321010982
6560,0.47150531,0.485085202,0.245884884,1.84616068,0.866774554,0.077917654,3.98119197,4.326264446
6580,0.45877523,0.475519247,0.243880363,1.779562911,0.843539793,0.077225007,4.08435424,3.648034958
6600,0.492561679,0.499586471,0.248162721,1.96090732,0.903561551,0.078688412,4.037636615,3.884230245
6620,0.519457076,0.518344436,0.251399309,2.108507307,0.951146456,0.079796496,4.184904781,4.232802386
6640,0.525431563,0.52240141,0.252107141,2.142816423,0.961749679,0.080041321,4.473828476,4.637370323
6660,0.513351408,0.514219645,0.250761823,2.074472873,0.940517029,0.079580161,4.678006505,4.232786471
6680,0.47117946,0.484548384,0.245528176,1.844451502,0.865636437,0.077786416,4.558256861,3.84971169
6700,0.463822113,0.479304815,0.244668687,1.805965676,0.852737677,0.077497234,4.213247011,3.776946564
6720,0.502331735,0.507006979,0.249928422,2.014286848,0.921967291,0.079309944,4.1699503,3.912744371
6740,0.501943892,0.506982624,0.250129266,2.012172689,0.921752355,0.079386053,4.542781645,3.73456599
6760,0.473616373,0.487228977,0.246813752,1.857432103,0.871706776,0.078254738,4.445237613,3.886146668
6780,0.490879688,0.499746779,0.249319575,1.951742209,0.903115851,0.079124665,4.178527874,4.094039441
6800,0.460819315,0.478407181,0.245638742,1.79027631,0.849765257,0.07786997,4.165621709,3.893405394
6820,0.455541772,0.474893587,0.245301411,1.762672665,0.840954474,0.077766151,4.018601552,4.287814158
6840,0.488379036,0.4992207,0.250271307,1.938102634,0.900996228,0.079487517,4.062242037,4.625630192
6860,0.489016882,0.500214832,0.250904595,1.941596265,0.903162927,0.079720731,4.223723176,4.518743047
6880,0.493593641,0.504069256,0.252097736,1.966609419,0.912521693,0.080148126,4.341142289,5.163207552
6900,0.485363614,0.498829455,0.251680176,1.921658539,0.898885117,0.080022105,4.52899864,4.739374848
6920,0.487608261,0.501164246,0.252717969,1.933933641,0.904315512,0.080400032,4.347751429,4.677975871
6940,0.501847155,0.512186194,0.255398372,2.011739207,0.931646481,0.081346407,4.315211765,5.094718624
6960,0.485193153,0.501020653,0.254029519,1.920765479,0.902934443,0.080896231,4.433141872,4.405745385
6980,0.48548784,0.501968524,0.254822347,1.922387657,0.904856538,0.081189981,4.367738349,4.218065095
7000,0.485105903,0.50250788,0.255607432,1.920314372,0.905695334,0.08148323,4.271276574,4.229861183
7020,0.450624562,0.477702118,0.251553392,1.737037511,0.843869084,0.080108381,4.211934595,4.32786601
7040,0.435096011,0.46680216,0.250161913,1.655799544,0.816717945,0.079653197,4.054253236,4.304930911
7060,0.456777259,0.484295164,0.2546841,1.769254741,0.858790175,0.08124961,3.916825825,4.123296357
7080,0.460591234,0.488303168,0.256589083,1.789224064,0.867908445,0.081945251,3.940883663,3.993957002
7100,0.467554674,0.494761763,0.259008985,1.825674247,0.88300226,0.082819982,4.163188159,3.993847995
7120,0.507357284,0.525416798,0.265960305,2.041998404,0.959398533,0.085268314,4.229214047,3.967645878
7140,0.598959505,0.590548625,0.27826515,2.575842991,1.131281506,0.089589494,4.551000204,5.208081748
7160,0.595505089,0.589498077,0.27916549,2.554830977,1.12753108,0.089936721,4.967395473,5.118964597
7180,0.471384989,0.501809053,0.264455966,1.845768067,0.897792635,0.084840247,4.957908422,4.848374722
7200,0.45049336,0.486462163,0.262195674,1.736452655,0.859766795,0.084083687,4.601150477,5.18410597
7220,0.521880017,0.541344697,0.273818478,2.122805175,0.996817359,0.088158156,4.473429742,4.649448629
7240,0.582862692,0.585377484,0.282267412,2.477916384,1.11312284,0.091134548,4.855669315,5.280578318
7260,0.55581057,0.567217176,0.27981738,2.317786826,1.063827339,0.090296588,5.011500416,5.599572205
7280,0.508476902,0.533517721,0.274270149,2.048227287,0.975410565,0.088374327,4.633897779,4.763623495
7300,0.515740611,0.53953689,0.275933978,2.087933294,0.990308056,0.088970304,4.362312885,4.6995684
7320,0.520897618,0.543785515,0.277159735,2.11721131,1.001046837,0.089412234,4.460965613,4.676591711
7340,0.488716685,0.519875686,0.272829957,1.940251468,0.940089874,0.087907936,4.506852194,4.927396256
7360,0.480306433,0.513667783,0.271773951,1.894288836,0.92428091,0.087543561,4.415202203,5.155574652
7380,0.499642723,0.528326952,0.274646645,1.999968373,0.961355515,0.088547704,4.330966492,4.610950385
7400,0.586706661,0.591005839,0.285755414,2.501402789,1.126445548,0.092431785,4.67962139,5.221231259
7420,0.612464222,0.60830375,0.288303301,2.658327551,1.17419879,0.093317172,5.170454286,4.924913094
7440,0.506542626,0.532710451,0.27471922,2.037665955,0.972965818,0.088549531,5.051298057,4.117170583
7460,0.494130787,0.522827233,0.272317912,1.969824998,0.94828815,0.08769656,4.653888285,4.446034665
7480,0.514855243,0.537908628,0.274737421,2.083079499,0.986770968,0.088525652,4.579722732,4.414438177
7500,0.519991637,0.540972201,0.274658556,2.111970995,0.995155091,0.08847868,4.532464002,4.74962466
7520,0.49009712,0.517843045,0.269496019,1.9477533,0.936931622,0.086655645,4.442222236,4.433152658
7540,0.514117949,0.534956152,0.271962802,2.079012618,0.980758322,0.087489745,4.496610753,4.862701275
7560,0.592487512,0.588954465,0.280337796,2.536483949,1.125009804,0.090384656,4.628805558,4.717458649
7580,0.544319869,0.554466427,0.273535688,2.251681279,1.033249033,0.087980217,5.119685836,4.549850263
7600,0.500421853,0.521713286,0.266598963,2.004121049,0.949149589,0.085533354,4.986885722,4.455519421
7620,0.488050103,0.511535079,0.263698302,1.936500948,0.92406774,0.084494327,4.571181543,4.371847751
7640,0.499499369,0.51892752,0.264084502,1.999049417,0.943426663,0.084595898,4.252556285,4.516034902
7660,0.534669121,0.543105259,0.267444219,2.196157028,1.00641943,0.085730006,4.310706465,4.877350933
7680,0.503467861,0.51972215,0.262232391,2.020702967,0.946758096,0.083887821,4.798288058,4.266920469
7700,0.452829379,0.481049729,0.253792557,1.748595114,0.851014203,0.080933404,4.690046178,3.887259798
7720,0.450566994,0.478297072,0.252233513,1.736745126,0.844931068,0.080361237,4.146440704,3.914539281
7740,0.461128293,0.4852634,0.252719639,1.791989594,0.862558258,0.080499699,4.002254453,3.972767922
7760,0.470530766,0.491277212,0.252983704,1.841168222,0.877874175,0.080560045,4.11500054,4.183544358
7780,0.485846497,0.501287636,0.253907295,1.924331628,0.903739247,0.080848484,4.128179837,4.025177951
7800,0.470574069,0.489206889,0.250787813,1.841362612,0.874042403,0.079743734,4.128265683,4.201975064
7820,0.492235347,0.503775783,0.252607751,1.95920054,0.911354756,0.08034263,4.139652055,4.439279523
7840,0.506643477,0.513005214,0.253413879,2.037894884,0.93531472,0.080591058,4.219519501,4.507185871
7860,0.48912768,0.499474598,0.250083726,1.94218773,0.901814026,0.079415092,4.631151821,4.089519728
7880,0.452363914,0.471785232,0.244033667,1.7460372,0.833826856,0.077308144,4.634402611,3.983669487
7900,0.496400481,0.502381665,0.248736668,1.981878719,0.910562564,0.078888043,4.193640752,4.413101136
7920,0.575748245,0.554667359,0.256422471,2.433969467,1.047556474,0.081493271,4.097495639,4.593374796
7940,0.55113217,0.537147401,0.252600853,2.290343661,1.002001734,0.080144432,4.530501356,4.340989638
7960,0.520681911,0.515569966,0.248021205,2.115470671,0.946333157,0.078535489,4.833035895,4.224533692
7980,0.502211625,0.501529756,0.244513884,2.013533422,0.911453407,0.077296254,4.677887068,3.774882688
8000,0.508461569,0.504645651,0.244061638,2.047647807,0.92005581,0.077105086,4.447615252,3.866911201